coefficient,bias,variance,mse,coverage
beta_0,0.001996160139148717,0.00022238117222705422,0.00021895312178727447,0.9333333333333333
beta_1,-0.0007930165186322835,0.00015144645662541585,0.00014702711660339164,1.0
beta_2,0.0033396831275425143,0.0002266726544550583,0.0002302703826989478,1.0
beta_3,0.0020640091612793565,0.00020466722432062345,0.00020210511732778082,1.0
beta_4,-0.0009846078170036021,0.00017736548854108846,0.0001724227581430234,0.9
