coefficient,bias,variance,mse,coverage
beta_0,0.0010029700548082054,0.00019056329870767666,0.00018521713768159526,0.9666666666666667
beta_1,-0.004093629498312268,0.00018142098504018937,0.00019213142134163723,1.0
beta_2,0.003646754737101965,0.00015857214901344408,0.00016658523082557043,0.9666666666666667
beta_3,-0.0014148967959443648,0.0003167704324672033,0.00030821335099480375,0.9333333333333333
beta_4,-0.0001645244695559489,0.00021657980091403618,0.00020938754251798426,0.9666666666666667
