coefficient,bias,variance,mse,coverage
beta_0,0.0005589358411852707,0.00024047171187133697,0.00023276839741685383,0.9333333333333333
beta_1,0.004334103532369182,0.0002381824531402272,0.00024902749146485,0.9666666666666667
beta_2,0.004008458978489671,0.00020061033107533218,0.00020999106342171244,0.9333333333333333
beta_3,9.87802430407747e-05,0.00027708551538662427,0.0002678590890768186,0.9
beta_4,4.3605248524314355e-05,0.0001519245868825698,0.00014686233540418304,0.9666666666666667
