coefficient,bias,variance,mse,coverage
beta_0,0.0006150048801245589,0.0002486817324990755,0.00024077057241835028,0.9333333333333333
beta_1,-0.002676325692384296,0.0002618561766379571,0.0002602903566284072,0.9333333333333333
beta_2,-0.0010474643146056728,0.0002498202588439286,0.00024259009837283691,0.9333333333333333
beta_3,-0.0006950704003743646,0.00020617092956719117,0.0001997816881097612,0.9666666666666667
beta_4,-0.0009825590211193225,0.00024003387324545805,0.00023299816636725945,0.9333333333333333
