coefficient,bias,variance,mse,coverage
beta_0,-0.007373601700578103,0.00016924374578755166,0.00021797228963339618,1.0
beta_1,0.004246047913533557,0.00038370361199473814,0.0003889424144789355,0.9
beta_2,0.0019743889751393517,0.0002138353894765254,0.00021060575498579252,0.9666666666666667
beta_3,-0.004350008472808586,0.00013239534889649955,0.0001469047443134561,0.9666666666666667
beta_4,0.0018052978821246901,0.00026997617248216365,0.0002642360671759618,0.9666666666666667
