coefficient,bias,variance,mse,coverage
beta_0,-0.0032725245373015355,0.00018263205522107016,0.00018725373689426833,0.9666666666666667
beta_1,-0.0015392640776690225,0.00032800373491397727,0.0003194396109843147,0.8666666666666667
beta_2,0.0005384138661490567,0.0002850059327935914,0.00027579562452506666,0.9333333333333333
beta_3,-0.0045275960255415915,0.00023283031270986024,0.0002455684280566988,0.9666666666666667
beta_4,0.000345311590893016,0.0001954984657279003,0.0001891010902984419,0.9666666666666667
