coefficient,central_bias,central_mse,central_coverage,local_bias,local_mse,local_coverage,wasserstein,ks_distance
beta_0,-0.01235008487586553,0.0024075668788283524,0.9666666666666667,-0.012350084875866418,0.002407566878828353,0.9666666666666667,0.003977093962152457,0.05633333333333336
beta_1,0.0271707902182734,0.003904311871164174,0.8666666666666667,0.027170790218273844,0.0039043118711641457,0.9,0.003660130003727566,0.05200000000000002
beta_2,0.010354466069289359,0.0026896306338040064,0.9333333333333333,0.010354466069290247,0.002689630633803989,0.9333333333333333,0.003798088648272482,0.053800000000000035
beta_3,0.005047429014275129,0.0018205006128461814,0.9666666666666667,0.005047429014275018,0.001820500612846178,1.0,0.0038900112021037934,0.05733333333333336
beta_4,-0.009670330581195707,0.0019115198595883631,0.9333333333333333,-0.00967033058119604,0.0019115198595883649,0.9666666666666667,0.0033146074315158,0.04966666666666668
