coefficient,central_bias,central_mse,central_coverage,local_bias,local_mse,local_coverage,wasserstein,ks_distance
beta_0,0.008718371393582558,0.0029355710246413585,0.8666666666666667,0.008718371393582558,0.0029355710246413563,0.8666666666666667,0.0037192033133966297,0.053200000000000025
beta_1,-0.0016345519942226883,0.002227663619901414,0.9666666666666667,-0.0016345519942226883,0.002227663619901428,0.9666666666666667,0.0038646685277857256,0.05360000000000003
beta_2,-0.004973258082399568,0.001882891490103318,0.9666666666666667,-0.004973258082400456,0.0018828914901033223,1.0,0.003849491723611996,0.054333333333333365
beta_3,-0.0012324037678299593,0.0021878958005589035,0.9,-0.0012324037678300148,0.0021878958005589013,0.9666666666666667,0.0036705437968805234,0.05473333333333336
beta_4,0.00340640410004156,0.0019543530464777572,0.9666666666666667,0.00340640410004156,0.001954353046477749,0.9333333333333333,0.003890631697117299,0.05113333333333336
