coefficient,central_bias,central_mse,central_coverage,local_bias,local_mse,local_coverage,wasserstein,ks_distance
beta_0,0.007319784831033793,0.0021642412553754425,0.9666666666666667,0.007319784831034237,0.00216424125537547,0.9666666666666667,0.0037067205131925125,0.05140000000000003
beta_1,0.009630454251802645,0.0017664515328333094,0.9666666666666667,0.009630454251801979,0.0017664515328333168,1.0,0.004159451233644526,0.05646666666666669
beta_2,-0.00014393623513120346,0.0020699831973307902,0.9333333333333333,-0.00014393623513164755,0.002069983197330823,0.9666666666666667,0.00386593668002589,0.05733333333333336
beta_3,-0.006074912096633078,0.0017460360680756268,1.0,-0.006074912096633189,0.0017460360680756205,0.9666666666666667,0.0038277213330818708,0.05580000000000003
beta_4,-0.007234660644552471,0.0027120274889094556,0.9333333333333333,-0.00723466064455236,0.0027120274889094686,0.9333333333333333,0.004046409227968182,0.0618666666666667
