coefficient,central_bias,central_mse,central_coverage,local_bias,local_mse,local_coverage,wasserstein,ks_distance
beta_0,-0.030172043972155116,0.007476167556104819,0.8666666666666667,-0.030172043972155116,0.007476167556104746,0.8666666666666667,0.005808210211591954,0.054200000000000026
beta_1,-0.009177193107049675,0.004997917291632501,0.9666666666666667,-0.009177193107049453,0.00499791729163246,0.9333333333333333,0.005302650158514272,0.05206666666666669
beta_2,-0.002038717490051578,0.004171248767277007,0.9333333333333333,-0.002038717490050246,0.0041712487672769544,0.9333333333333333,0.0051275317725530305,0.053400000000000024
beta_3,0.002788270260212,0.002821555858350456,0.9666666666666667,0.002788270260211889,0.002821555858350461,0.9666666666666667,0.0058576643446278005,0.057133333333333355
beta_4,-0.006499976402101981,0.004107038440965621,0.9666666666666667,-0.006499976402102203,0.004107038440965642,1.0,0.005383503888622586,0.05253333333333335
