coefficient,central_bias,central_mse,central_coverage,local_bias,local_mse,local_coverage,wasserstein,ks_distance
beta_0,0.004700229838506598,0.001572623521056642,0.9666666666666667,0.004700229838507042,0.001572623521056632,0.9666666666666667,0.0036265900053483657,0.05086666666666669
beta_1,-0.004521585003480988,0.0018879561710708635,0.9333333333333333,-0.004521585003480988,0.0018879561710708468,0.9666666666666667,0.003500972309518985,0.049666666666666685
beta_2,-0.013208218240648328,0.003088873894318984,0.8666666666666667,-0.013208218240649217,0.0030888738943189655,0.8333333333333334,0.004069644786751724,0.053600000000000016
beta_3,0.005813425040795184,0.0023329925220108524,0.9333333333333333,0.005813425040795073,0.0023329925220108433,0.9333333333333333,0.0038234490796694733,0.053333333333333365
beta_4,-0.007891567663049104,0.001978963592522992,0.9333333333333333,-0.007891567663048993,0.001978963592522998,0.9333333333333333,0.004148570043106865,0.05580000000000003
