coefficient,central_bias,central_mse,central_coverage,local_bias,local_mse,local_coverage,wasserstein,ks_distance
beta_0,0.012216116161700707,0.0030589980063985846,0.8666666666666667,0.012216116161701152,0.0030589980063986063,0.8666666666666667,0.0039324645556311965,0.05720000000000002
beta_1,-0.014405283018152693,0.002394785899232766,0.9666666666666667,-0.014405283018152693,0.002394785899232786,0.9666666666666667,0.0035264847505148216,0.052800000000000034
beta_2,0.0021958952694007827,0.001806228144979821,0.9333333333333333,0.0021958952694007827,0.0018062281449798439,0.9333333333333333,0.004226079350471346,0.057600000000000026
beta_3,-0.0024784565308098028,0.0018367092636292083,1.0,-0.0024784565308097473,0.0018367092636292122,1.0,0.0037878129918781363,0.05193333333333335
beta_4,-0.0044503709135262914,0.0031911915139984366,0.9333333333333333,-0.004450370913525958,0.003191191513998452,0.9,0.0036021720234079846,0.04986666666666669
