coefficient,central_bias,central_mse,central_coverage,local_bias,local_mse,local_coverage,wasserstein,ks_distance
beta_0,-0.017603499513752396,0.0024715829213176185,0.9333333333333333,-0.017603499513754173,0.002471582921317806,0.9333333333333333,0.0034237837619188697,0.05480000000000002
beta_1,0.014299344649542745,0.0013203699037245234,0.9666666666666667,0.014299344649544299,0.0013203699037245497,0.9666666666666667,0.0033394451866852826,0.05220000000000002
beta_2,0.006958282116273917,0.001646431583710148,0.9666666666666667,0.006958282116274805,0.001646431583710142,0.9666666666666667,0.0034163375966535293,0.0550666666666667
beta_3,0.00046468012536093894,0.002272548648450336,0.9666666666666667,0.0004646801253622712,0.0022725486484504445,0.9666666666666667,0.0035048283501811794,0.05506666666666669
beta_4,-0.010447962973577196,0.0019101875081742519,0.9333333333333333,-0.01044796297357875,0.001910187508174191,0.9,0.0035832940145755655,0.05346666666666668
