coefficient,central_bias,central_mse,central_coverage,local_bias,local_mse,local_coverage,wasserstein,ks_distance
beta_0,0.011653872336331972,0.010559494095076427,0.8333333333333334,0.011653872336331972,0.01055949409507644,0.8666666666666667,0.00924075653440002,0.06313333333333337
beta_1,-0.01185669465602257,0.006293323195873468,0.9666666666666667,-0.011856694656022349,0.006293323195873415,0.9666666666666667,0.007518223653185072,0.05400000000000003
beta_2,0.007251587617632005,0.012138010121923459,0.8333333333333334,0.007251587617632449,0.012138010121923141,0.8333333333333334,0.007900990939321706,0.054866666666666696
beta_3,-0.017444856691385735,0.008715238868613572,0.9333333333333333,-0.017444856691386623,0.008715238868613443,0.9333333333333333,0.007965168223834378,0.0590666666666667
beta_4,-0.012822388224168035,0.008507978252852311,0.9666666666666667,-0.01282238822416859,0.008507978252852162,0.9666666666666667,0.007324379082148029,0.0510666666666667
