coefficient,central_bias,central_mse,central_coverage,local_bias,local_mse,local_coverage,wasserstein,ks_distance
beta_0,-0.005292364905792102,0.002415591349428513,0.9666666666666667,-0.005292364905791214,0.00241559134942851,0.9666666666666667,0.003791580977817753,0.0518666666666667
beta_1,0.014119880319042766,0.00203593771242258,1.0,0.014119880319042544,0.0020359377124225717,0.9666666666666667,0.003815856602917593,0.05393333333333337
beta_2,0.0032627785059293757,0.002428478293448352,0.9333333333333333,0.003262778505930264,0.0024284782934483207,0.9666666666666667,0.003876515855609645,0.056066666666666695
beta_3,-0.013207952976996895,0.0021199876732020417,0.9333333333333333,-0.013207952976996895,0.0021199876732020412,0.9333333333333333,0.003889643092459714,0.05506666666666669
beta_4,0.0017406379827393792,0.0012599009804352477,1.0,0.0017406379827392682,0.0012599009804352445,1.0,0.0037009190189253804,0.05040000000000002
