coefficient,central_bias,central_mse,central_coverage,local_bias,local_mse,local_coverage,wasserstein,ks_distance
beta_0,-0.01664370240721924,0.011400356545386571,0.9333333333333333,-0.01664370240721924,0.011400356545386537,0.9666666666666667,0.008362246454918867,0.052533333333333355
beta_1,-0.009604325949582382,0.011118102478468896,0.9333333333333333,-0.009604325949582382,0.01111810247846886,0.9333333333333333,0.008822284663401172,0.0578666666666667
beta_2,0.045810271672455105,0.01194083883676259,0.9,0.045810271672455105,0.011940838836762576,0.9333333333333333,0.007321747876087903,0.048733333333333365
beta_3,0.0016105763605467338,0.006019904394553101,0.9666666666666667,0.0016105763605468448,0.006019904394553099,0.9666666666666667,0.00823564567500462,0.053533333333333356
beta_4,0.039655523182752006,0.011920557219385099,0.9,0.03965552318275212,0.011920557219385126,0.9333333333333333,0.008944514567004553,0.057600000000000026
