coefficient,bias,variance,mse,coverage
beta_0,0.001496850812045647,0.0016264539378273036,0.0015961654214242773,0.92
beta_1,0.005486114978958234,0.0009451496494717989,0.0009563441140447125,1.0
beta_2,0.006564376371087199,0.001044745930551549,0.00106694204908182,0.92
beta_3,-0.005426676315007761,0.0012904295896491082,0.0012940698136839942,0.9
beta_4,-0.008558990020639867,0.0007657942661414342,0.0008237346909920186,1.0
