coefficient,bias,variance,mse,coverage
beta_0,0.0032103861959105195,0.0010690779847617566,0.00105800300459342,0.98
beta_1,0.005247613595446454,0.0010801023689965313,0.001086037770063711,0.94
beta_2,0.001131657299768829,0.0010908132150763711,0.0010702775990189628,0.96
beta_3,0.006118127353347047,0.001509309276513168,0.0015165545732946772,0.9
beta_4,-0.0038990414084612013,0.0011665975147344468,0.001158468088344653,0.94
