coefficient,bias,variance,mse,coverage
beta_0,0.0021924164851165884,0.001111821935385826,0.0010943921867223182,0.96
beta_1,-0.001798280071335201,0.0007018063358638514,0.0006910040203615371,0.98
beta_2,-0.00509659846917998,0.0014449665059072547,0.0014420424917451623,0.92
beta_3,-0.002377396507791396,0.0011589964260941524,0.0011414685117275276,0.94
beta_4,-0.002861131467260969,0.0014937990138104288,0.0014721091068071715,0.94
