coefficient,bootstrap_se,theoretical_se,relative_error,relative_error_pct
beta_0,0.047565547328075254,0.0474172535257255,0.0031274228539892616,0.3127422853989262
beta_1,0.04785452691038755,0.047661674927633825,0.004046269524655596,0.4046269524655596
beta_2,0.04764471825918462,0.04775118260075994,0.0022295645003276394,0.22295645003276393
beta_3,0.04825460647827083,0.04761508387691842,0.013431092613540889,1.343109261354089
beta_4,0.048338269865898384,0.04786697390455963,0.009845952707987276,0.9845952707987277
